Address,aave-3,idle,rai-eth-uni-v2-lp-1,rai-dai-uni-v3-lp,aave-2,aave-1,rai-eth-uni-v2-lp-2,fuse-borrower-no-rai-supply,rai-eth-uni-v2-lp-3,Total
0xbc79855178842fdba0c353494895deef509e26bb,0.0,45.606580302,708.8734038269045,1195.9194277470483,0.0,0.0,380.7484002445465,0.0,588.6867126343442,2919.834524755
0x7c8d1c186506df224a4e781b9f4ac6b9f5a40dea,5.4614758341651255,17.036647822,11.094904773319938,738.853193280383,5.915867519717252,30.144505575102414,0.0,69.69741807996809,0.0,878.204012885
0xf2e563f6fbf25cf23dbe57d25287e10339ad3b6f,0.0,0.0,0.0,507.1056608198305,8.067065701471824,19.7632247973746,0.0,0.0,0.0,534.935951319
0x26da854f28f2181858ce4aad1cdb0c2027b6465c,0.0,0.0,0.0,441.5962786344185,0.0,0.0,0.0,0.0,0.0,441.596278634
0x78e96be52e38b3fc3445a2ed34a6e586ffab9631,1.682237519706728,130.330923143,0.0,242.8283536998348,1.8221987253018852,4.502681494276473,0.0,13.054396008863224,0.0,394.220790591
0x20730820ab819e69e8e632574382f6d4d9fee50f,0.1427590574020426,0.0,16.224805658704557,280.7835831779575,0.1546365298454712,0.3821092790847943,9.667794347116786,0.0,14.947671661847233,322.303359712
0xd2d58f785ea44dec2d3443cae65fb2ad66a2f67f,0.0,0.0,0.0,264.3736000092072,0.0,0.0,0.0,0.0,0.0,264.373600009
0x79792c512d1029a640c86f20c9d30ef3643d4d38,0.5006660936462007,0.0,14.406707096977977,189.5690989094964,0.5423212281004345,1.340084220131679,7.738096323480552,0.0,11.964106700886704,226.061080573
0x46a0b4fa58141aba23185e79f7047a7dfd0ff100,0.0,0.0,90.07890751506686,0.0,0.0,0.0,46.57387033011126,0.0,69.35592310924083,206.008700954
0x5edcf547ece0ea1765d6c02e9e5bae53b52e09d4,2.738956749140117,3.051896117,0.0,114.10216266057532,2.81634104829324,22.71436894628127,0.0,59.26478105794912,0.0,204.688506579
0xd4ad5d62dce1a8bf661777a5c1df79bd12ac8f1d,26.405292917324918,5.796836143,0.0,42.4575598485702,29.814150159894787,78.97899033054921,0.0,0.0,0.0,183.452829399
0x1f84ca2c0a406b32e083e4e41032fd148364df48,0.0,18.855956367,30.76846173093653,86.071480589451,0.0,0.0,16.52628313997267,0.0,25.55179033578684,177.773972163
0xd35d8f5df82f61f2cb84b5871350d2a97b275391,0.0,7.428359638,0.0,148.12514840503965,0.0,0.0,0.0,0.0,0.0,155.553508043
0x2b290f41af8e0e6db68c0d8325394d8935d1d990,0.0,0.0,0.0,144.72760534487415,0.0,0.0,0.0,0.0,0.0,144.727605345
0x92e74e50edce4573d181c03ca889f72640cd3a94,0.0,0.0,0.0,134.5982924197345,0.0,0.0,0.0,0.0,0.0,134.598292420
0x20eadfcaf91bd98674ff8fc341d148e1731576a4,0.0,0.0,35.59254538503107,29.65945174452748,0.0,0.0,19.117383502923936,0.0,29.557969623189592,113.927350256
0x30040b54554928929e94ed3f0b9282f666e950ed,0.0,0.0,0.0,103.29237463490868,0.0,0.0,0.0,0.0,0.0,103.292374635
0xc550c0d95fc2a8c56c093de17003dc9f741a6b00,0.0,0.0,34.398639993900986,0.0,0.0,0.0,17.785271189486373,0.0,26.48510618404659,78.669017367
0xadeeb9d09b8bcee10943198fb6f6a4229bab3675,0.0,0.0,30.98187610005772,0.0,0.0,0.0,16.018687613704824,0.0,23.854381406837383,70.854945121
0x652740d58e182a6ae5fd5217063094a98d6ab8d1,0.0,0.0,0.0,68.25318690905442,0.0,0.0,0.0,0.0,0.0,68.253186909
0x8f4d6ce7febfeccea7144769549a698cc8dbabad,0.0,0.0,0.0,66.70718821436536,0.0,0.0,0.0,0.0,0.0,66.707188214
0x6371024c5ffdaefef716adce3cac52ac6181cd9d,0.0,0.0,0.0,0.0,0.0,0.0,0.0,65.12029770755474,0.0,65.120297708
0x3bcf3db69897125aa61496fc8a8b55a5e3f245d5,17.578520168330076,0.0,0.0,0.0,15.102038775045711,25.64418623296659,0.0,0.0,0.0,58.324745176
0xb8ec7c6483444572a486e22dd8f875bb26e14472,12.236398151923668,0.0,0.0,0.0,13.254459524008723,32.751976382544825,0.0,0.0,0.0,58.242834058
0x3caba50e426de2003f937ac961bd6834b206fb1c,0.0,0.0,23.345823169262896,1.7376113018893249,0.0,0.0,12.070587566274533,0.0,17.97503057392773,55.129052611
0xd37f7b32a541d9e423f759dff1dd63181651bd04,0.0,0.0,0.0,51.62375187540508,0.0,0.0,0.0,0.0,0.0,51.623751875
0x6a43e60d5520912d20f19eb29a011e82a6ee50ae,0.0,0.0,0.0,49.9449156523446,0.0,0.0,0.0,0.0,0.0,49.944915652
0xc218d847a18e521ae08f49f7c43882b6d1963c60,0.0,0.0,0.0,49.55873083576368,0.0,0.0,0.0,0.0,0.0,49.558730836
0xa231a5ae629a0f15e1c1eb3ffbf813589e206926,0.0,0.0,0.0,46.30905249966085,0.0,0.0,0.0,0.0,0.0,46.309052500
0x6749f1a7c7f0f3a4d44abfc881e4796b59df2f06,0.0,0.0,18.561734569108395,0.0,0.0,0.0,10.491786931818917,0.0,16.635376047555948,45.688897548
0x8cd9f9c08c6a3f891bc570f1d6a3dc91c1f62bb0,0.0,0.0,0.0,42.62919516362407,0.0,0.0,0.0,0.0,0.0,42.629195164
0x028b2b9adca1bd1263086b0b221713a684968817,1.2682666371842004,1.100356488,0.0,0.0,1.3818418726793276,3.746149364695589,0.0,32.85295035998105,0.0,40.349564723
0xce824663bccb32e2dad1a8f2a26b698290417b34,0.6824856207836657,2.138271111,10.849590094781314,8.381689870714585,0.73926803656458,1.826742858135833,5.812117495690528,0.0,8.764448930273034,39.194614018
0x6f9bb7e454f5b3eb2310343f0e99269dc2bb8a1d,0.0,0.0,12.36977027863289,5.978887228255474,0.0,0.0,6.64402165401604,0.0,10.272524490351076,35.265203651
0xf32fc1113f4769f59984d615e91a8e94548f2790,0.0,2.406254108,7.1231689512294745,15.21681829140093,0.0,0.0,3.8259796011679774,0.0,5.915463735556159,34.487684687
0xbd58b30bff344ec61f61f54bbd97e16210ccb171,6.948882648244071,0.0,0.0,0.0,7.527025735408757,18.59939808713941,0.0,0.0,0.0,33.075306471
0xeb340415d19e506de42fb7e2e1ca09965ddbd6ee,0.0,0.0,11.118041933266763,0.0,0.0,0.0,7.120872137982113,0.0,14.445314167626911,32.684228239
0x21c30d17d9e61ce139dfd2a3d167c5752246b938,4.231767885106163,0.0,0.0,0.0,8.023843373325947,20.37527590011538,0.0,0.0,0.0,32.630887159
0x41a60b69628a450950903c3800626c0285607705,0.0,0.0,1.8497036963893567,28.115809589919767,0.0,0.0,0.9935084593731548,0.0,1.5360937263220231,32.495115472
0x2482dc04ac628a4b2700c071bfee557fd86c91ea,0.0,0.0,13.463417540378469,0.0,0.0,0.0,7.231438875615093,0.0,11.180748170098248,31.875604586
0x64d6539c03352d0faeab9c2a1c3120dba859836c,0.0,8.272387431,0.0,0.0,0.0,0.0,0.0,22.14673282342469,0.0,30.419120254
0xc3597578d6c3929cfb1aa55feb72f7b530a4cb5b,0.0,0.0,12.250343953721554,0.0,0.0,0.0,6.579875669822536,0.0,10.173346428041912,29.003566052
0x17307be3589a680452543dde06d42a07ee3fa080,0.0,0.0,0.0,28.307748376643897,0.0,0.0,0.0,0.6686606761330467,0.0,28.976409053
0x4e65175f05b4140a0747c29cce997cd4bb7190d4,0.0,7.662263788,0.0,0.0,0.0,0.0,0.0,20.54153151952584,0.0,28.203795308
0x38ee5f5a39c01cb43473992c12936ba1219711ab,0.0,0.0,0.0,27.658898945552743,0.0,0.0,0.0,0.0,0.0,27.658898946
0x860001218d2476481629b7c64960bd6edbedd848,0.0,0.0,0.0,25.88694091530306,0.0,0.0,0.0,0.0,0.0,25.886940915
0x91f93bc5053b4e1b1c2f56d6f4442c306ea65a94,0.0,0.0,0.0,25.63063307304542,0.0,0.0,0.0,0.0,0.0,25.630633073
0x1638e6e26f49c3b9ee48c03daf1097968c837851,0.0,0.0,0.0,22.36796366888899,0.0,0.0,0.0,0.0,0.0,22.367963669
0xa4262084ab298c6a6bf203ac6ffde1bb854722d5,0.0,0.0,0.0,22.195517847592505,0.0,0.0,0.0,0.0,0.0,22.195517848
0xc0ffee22f360792a89db39f159f103daafe9c57d,0.0,0.0,9.34328673060482,0.0,0.0,0.0,5.0184439936648415,0.0,7.759144608132478,22.120875332
0x651bbd829a7cbd32f35dfc099cbde1e04789393c,0.0,0.0,0.0,21.155024322446145,0.0,0.0,0.0,0.0,0.0,21.155024322
0x48f82846f9f9fec614516760de50c94a345f4e36,0.0,0.0,13.2892423462426,0.0,0.0,0.0,6.870991965747414,0.0,0.6678542433483428,20.828088555
0x7bfee91193d9df2ac0bfe90191d40f23c773c060,0.0,13.490010417,5.034159104349822,0.0,0.0,0.0,0.0,0.0,0.0,18.524169521
0x09528b6c6fc792eff0c70563c9b4c4c6e38da61d,0.0,0.801405531,0.0,16.193699244203984,0.1327594742746191,1.3522749833693382,0.0,0.0,0.0,18.480139233
0x43232604615a225aded5713e41161d82f6164672,0.0,0.0,7.939198116990178,0.0,0.0,0.0,4.104721690789938,0.0,6.112585446591126,18.156505254
0xfa8f11e4ad7bc8c7f210bc646d9a23bad4603f49,0.0,0.0,0.0,18.14436582319433,0.0,0.0,0.0,0.0,0.0,18.144365823
0x4026b3da349c2952255ca9db4f055ea57f4e037c,4.847220011175314,0.0,0.0,0.0,4.464489609647024,6.850022811999964,0.0,0.0,0.0,16.161732433
0xd0554b8dc33b4be4bee98718a7b5f8009a67a6b7,1.652496122485112,7.02783452,0.0,0.0,1.7899828607339772,4.423075590047775,0.0,0.0,0.0,14.893389093
0x7da957bfa534a593618ce9a16216a1ea57b8e941,3.53298431812785,0.0,0.0,0.0,4.71105046882489,6.194933745218656,0.0,0.0,0.0,14.438968532
0xf627e5f4bad95a956468d8bb6ee20b119f992e96,0.5227349628795783,0.0,0.0,0.0,3.917571137611682,9.6803794333208,0.0,0.0,0.0,14.120685534
0x0154d25120ed20a516fe43991702e7463c5a6f6e,0.0,13.674540079,0.0,0.0,0.0,0.0,0.0,0.0,0.0,13.674540079
0x6eec9242c7e1a678c4575984fb3a87426caa1cf2,2.572051645754053,0.0,0.0,0.0,2.786044880939716,6.884360390249241,0.0,0.0,0.0,12.242456917
0xbf370b6e9d97d928497c2f2d72fd74f4d9ca5825,0.0,0.0,5.32369189158237,0.0,0.0,0.0,2.7525304499785443,0.0,4.09895696645875,12.175179308
0xf7ec5bd922ea65a0f2c9b9c0ee7b683a87d8f30b,0.0,0.0,0.0,10.966840144617729,0.0,0.0,0.0,0.0,0.0,10.966840145
0x25125e438b7ae0f9ae8511d83abb0f4574217c7a,0.0,0.0,3.652209845578799,6.708587709133877,0.0,0.0,0.0,0.0,0.0,10.360797555
0xc2634b9d0a0cfb756cded34656e09828072a8a9b,0.0,0.0,4.524775364233769,0.0,0.0,0.0,2.339463331651277,0.0,3.483834128382323,10.348072824
0x30887fc55cbfad3487cb55bfe1779f6d2ba1c118,0.1388424568719743,0.0,0.0,0.0,0.1503940703771724,0.3716260955149221,0.0,9.65725133244031,0.0,10.318113955
0x9035b69186fca1a9a43d6d5aab62822ed666e6e0,1.1284600146523034,4.835121518,0.0,0.0,1.2223472465481895,3.020439126748104,0.0,0.0,0.0,10.206367906
0x54c375c481f95ba43e2cecd6ef30631f55518f57,0.0,0.034058464,3.2751744691388907,2.1558645989514784,0.0,0.0,1.7591539376626342,0.0,2.719881548852841,9.944133019
0xe9ca86b78686a5af0ac39cc3be976c95395b5b06,1.9961595496299385,0.0,0.2395699352889571,0.0,2.162238889707432,5.066200896736872,0.123865835065493,0.0,0.1844559894158086,9.772491096
0x4f50d47d20380172746527bbeaa274940c38efac,0.0,0.0,4.039908385813194,0.0,0.0,0.0,2.169906003990102,0.0,3.354957844587178,9.564772234
0xa6584b95ea4e9018b1f377dad99448ec478a150f,0.0,0.0,1.7577096780240613,7.468859399639823,0.0,0.0,0.0,0.1150203818109512,0.0,9.341589459
0x5b78ae09929c53c77ba29a13265e35a2f62dd89f,0.0,1.108309562,0.0,0.0,0.0,0.0,0.0,7.989960450131515,0.0,9.098270012
0xa5ac63ffcacd62f44b91ea1607383f92b54f2ee7,1.877932742378128,0.0,0.0,0.0,2.0341756792825936,5.026479856468776,0.0,0.0,0.0,8.938588278
0xd454ed303748bb5a433388f9508433ba5d507030,0.0,0.0,0.0,8.15060768716596,0.0,0.0,0.0,0.0,0.0,8.150607687
0x929b7b0ecc74e86d8edd8b7eca953a098671f7ac,0.0,0.0,0.0,8.07992032089848,0.0,0.0,0.0,0.0,0.0,8.079920321
0x17535cc8178936c55b7eba7844dd43e958d45db9,0.0,0.0,3.461501326536433,0.0,0.0,0.0,1.789714355745831,0.0,2.6651701987575835,7.916385881
0x40d2ce4c14f04bd91c59c6a1cd6e28f2a0fc81f8,1.106935922012155,0.0,0.0,0.0,1.199032361632892,2.962827682183019,0.0,2.2049650636798166,0.0,7.473761030
0x49bb4b96be42e5c65d5dadd90134a07583fadab1,0.0,0.0,0.0,7.4011590849704385,0.0,0.0,0.0,0.0,0.0,7.401159085
0xe867cc15f6d6839d1e479041fda51ffc6db764e6,2.395140310813432,0.0,0.0,0.0,1.9676405282807952,2.904584309831965,0.0,0.0,0.0,7.267365149
0x02675dfa4d4d6b3fb7d04e0c8ad000eff752bd89,0.0,0.0,3.175552659058955,0.0,0.0,0.0,1.641869132845715,0.0,2.445005075291352,7.262426867
0x63020d3cd6c606ac859a486b8888f63b13bfb413,1.9739428818635345,0.0,0.0,0.0,2.1381738078089763,3.1481609328258053,0.0,0.0,0.0,7.260277622
0xd21b32470e1206e67cb3022e5fe1bbb494dd1aa5,0.0,0.0,2.748907785208744,0.7282372892931829,0.0,0.0,1.476486825415701,0.0,2.282841306604643,7.236473207
0x39d52da6beec991f075eebe577474fd105c5caec,0.0,0.869600548,0.0,5.7954146761358585,0.0,0.0,0.0,0.0,0.0,6.665015224
0x5d30cadb7610e5ff1446b164423d76af3bb4e5cf,0.0,0.0,2.327478475269141,1.0611594835901816,0.0,0.0,1.250129714668675,0.0,1.9328636748628196,6.571631348
0xbeb7b18735f9132271be67b9fb6e52e0a332f165,0.7041726064084465,2.569753657,0.0,0.0,0.7627593670682565,1.099260899979681,0.0,1.2571140859180483,0.0,6.393060616
0xc3dbd0ea72d088f6db28205a7d89a3f956cd5ccc,0.0,0.0,1.1930626426239337,3.41306392723934,0.0,0.0,0.6408149750269313,0.0,0.9907835746996464,6.237725120
0xbfa52e0b5d8f22542d579e3a320fd02f184a6bfa,0.0,0.0,2.664511417054171,0.0,0.0,0.0,1.3776433646270123,0.0,2.051530753012227,6.093685535
0x1626e7c64be01166b937c4cfaaac2f8279794ca5,0.0,0.0,2.662808979801087,0.0,0.0,0.0,1.376763146448777,0.0,2.050219967718749,6.089792094
0x7fe02ca835b711928505ea6725ccca6dce6db9e7,0.0,0.0,2.64689654583575,0.0,0.0,0.0,1.368535874864538,0.0,2.037968247787577,6.053400668
0xb2a3406c9f34bdc441cf9a1065b8eea89761f3ae,0.0,0.0,0.5274524837559635,5.479144420910646,0.0,0.0,0.0,0.0,0.0,6.006596905
0x7aa0d7b446aa12feccdd4a33b997c7e45b10441c,1.2555312669153504,0.0,0.0,0.0,1.359990754782749,3.3605583841756195,0.0,0.0,0.0,5.976080406
0x63bf1d484d7d799722b1ba9c91f5ffa6d416d60a,0.8282056556014037,0.0,0.0,0.0,1.4430789263724553,3.565870553158866,0.0,0.0,0.0,5.837155135
0x0285590ef8c67938e0c622cbf1d2dccd110f1efe,0.0,0.0,2.295958930633984,0.0,0.0,0.0,1.2134821259354418,0.0,1.8127155657711749,5.322156622
0x82d3e57708d69d5386a7da9cb0616f56475f3c2e,1.093772507831209,0.0,0.0,0.0,1.184773758873085,2.9275944521903985,0.0,0.0,0.0,5.206140719
0xa7a23739862e45914e9fea98883b5a85e7d9525f,1.0731951732887366,0.0,0.0,0.0,1.162484401791131,2.8725171029097343,0.0,0.0,0.0,5.108196678
0xf7209ca456675d82a372f8edfa1f17e74c237b69,1.0867264561058951,0.0,0.0,0.0,1.177141479648617,2.69363258383046,0.0,0.0,0.0,4.957500520
0xe41a2b194f15aaae7500421ecb71e39c5be26bfd,0.4492500849231587,0.0,0.0,0.0,0.0,4.062795667082929,0.0,0.0,0.0,4.512045752
0x0e7af95de26bf10e6b9f00d846c22757aa582b9c,1.3723186278586814,0.0,0.0,0.0,1.0340418476630029,2.0136707688389506,0.0,0.0,0.0,4.420031244
0x9ef86a4ebbf2e595228f924782ca6c325b107f18,0.0,0.0,1.8550732204676157,0.0223131681293358,0.0,0.0,0.9591361841113544,0.0,1.4283067944540069,4.264829367
0xc0e5a550db6d9a4ff039255e8f9982aea28d177e,0.0,0.0,0.0,0.0,0.6503678601314575,3.4178063338607108,0.0,0.0,0.0,4.068174194
0x621091d1c013e57a37767521bd87208d497b09b6,0.0,0.0,0.0,3.70018194330209,0.0,0.0,0.0,0.0,0.0,3.700181943
0xa16946a605ddb755d3a5774b6124f97fed1bd1e3,0.0,3.547082404,0.0,0.0,0.0,0.0,0.0,0.0,0.0,3.547082404
0xd610086899bbe55f08f4590b2197aed9966e8c73,0.0,0.0,0.0,3.4354954444861776,0.0,0.0,0.0,0.0,0.0,3.435495444
0xc11508077ff0afe0f65e250df0a1f2787eab1ba3,0.0,0.0,1.4480713613453111,0.0,0.0,0.0,0.7487023285752392,0.0,1.1149372118812686,3.311710902
0x52a5711dc4fe437e81205bfad22ffc43f1818df7,0.0,0.0,1.377994284349019,0.0,0.0,0.0,0.7124700874527268,0.0,1.060981624519575,3.151445996
0xf58623a5d10864e409a3be9609e892bf9252b956,0.6301962017123705,0.0,0.0,0.0,0.682628167543527,1.686784857650958,0.0,0.0,0.0,2.999609227
0x8caa7ebe5c6ae6087fb65315d1b5aa7acd33b854,0.1344023246020033,0.0,0.0,0.0,0.2286335432871249,0.5649570543735531,0.0,1.972078394519626,0.0,2.900071317
0xe3d69bcab5daaea39787eeaf4c0369de366d71bd,0.0,0.0,1.2290711655162307,0.0,0.0,0.0,0.6599678426596153,0.0,1.00953549989107,2.898574508
0x362c6e9a48d8ea1a19f280857fbf7f1cab520058,0.0,0.0,1.2640032388906104,0.0,0.0,0.0,0.6535328254850927,0.0,0.9732146388616608,2.890750703
0xfca399b892f4e8306fc31b312a3399f422976886,0.0,0.0,1.5771521278130338,0.0,0.0,0.0,0.8154414914427915,0.0,0.4893835351877664,2.881977154
0xced28d6242f2807b3312eaffa50a3e0e04cff725,0.0,2.869689594,0.0,0.0,0.0,0.0,0.0,0.0,0.0,2.869689594
0xee160154b02a2e404c6c13ff0b28ed76010cf07d,0.0,0.0,0.0,2.760271095868754,0.0,0.0,0.0,0.0,0.0,2.760271096
0x4db6ec655eb2b5bc9dda13e0cfa6df0a301c5ba8,0.0,0.0,0.6132051568075767,1.2566048913963814,0.0,0.0,0.3464097595640786,0.0,0.5355946931129675,2.751814501
0xd9a94545515edb558c3d408a3c990cb4ee067d95,0.0,0.0,1.199034508357508,0.0,0.0,0.0,0.6199417738745413,0.0,0.9231922040468814,2.742168486
0x5fdb500ba1d9b6be0c164ce609277cd968c5d45e,0.5735973700365149,0.0,0.0,0.0,0.6213203452383271,1.5197747595527196,0.0,0.0,0.0,2.714692475
0x428da84e14b52e4a1cd0afe7150abe27d1aff8c5,0.0,0.0,1.1727700822636746,0.0,0.0,0.0,0.6063621689599921,0.0,0.9029700058994704,2.682102257
0x402c65d9ea91c37eed5bd581710d8bce2f64c65c,0.0,0.0,0.0,2.4517414481349755,0.0,0.0,0.0,0.0,0.0,2.451741448
0xae03a5d3e9ca46f48dfc85af9801b4b7da7871e1,0.4396404293690225,0.0,0.0,0.0,0.5788666837061506,1.4303886113986068,0.0,0.0,0.0,2.448895724
0xdf0259238271427c469abc18a2cb3047d5c12466,0.0,0.0,1.064855475385015,0.0,0.0,0.0,0.5505666331776446,0.0,0.8198815517484422,2.435303660
0x71535aae1b6c0c51db317b54d5eee72d1ab843c1,0.0,0.0,0.0939901793610468,2.31172774843105,0.0,0.0,0.0,0.0,0.0,2.405717928
0x10feb6f3111197336bc64ad3d0a123f22719d58a,0.4880669155860174,0.0,0.0,0.0,0.5286738055859729,1.3063612260656732,0.0,0.0,0.0,2.323101947
0x23c3ca8d1aa9bd45c10a8696ea58b2f6a205bb20,0.0,0.0,0.0,0.0,0.0,0.0,0.0,2.313952745588221,0.0,2.313952746
0x0660e93da792d900bde54ca01c4a59aba09d1fc5,0.0,0.0,0.9627047770040832,0.0,0.0,0.0,0.5170857049696744,0.0,0.7994819771095548,2.279272459
0xC8Cec86F7c97139C803Fec48B5fd7341d8282B5e,1.2741802515367815,0.0,0.0,0.0,0.9998869073958576,0.0,0.0,0.0,0.0,2.274067159
0x6ae1961c0fd0b5807d5ec64faacd0e335c5742cd,0.0,0.046421892,0.6123680382948752,0.7658261690147862,0.0,0.0,0.3290142049427331,0.0,0.5086988956311814,2.262329200
0x2c1ea8f94766117051490ebba7e5d6c2a11dd4dc,0.0,0.0,0.9004159042138866,0.0,0.0,0.0,0.5050780580460357,0.0,0.7521418063329305,2.157635769
0xc4b0259cf0252eb3b3cf61f41e055e6db34f644c,0.0,0.0,0.932484687934078,0.0,0.0,0.0,0.4821264171459004,0.0,0.7179631514301295,2.132574257
0xe191468e32443fa79e8ae8164c0c0b319ea704a4,0.0,0.0,0.8603513944699008,0.0,0.0,0.0,0.4448310419136624,0.0,0.7569212391111811,2.062103675
0x42dbf634c256acd17beddc1330488f1bea7b8bdf,0.0,2.014702501,0.0,0.0,0.0,0.0,0.0,0.0,0.0,2.014702501
0x1c43d10c9fc37d8781e800a0aadece4f291bb872,0.444306289458775,0.0,0.0,0.0,0.4812723202348584,1.0361543600200145,0.0,0.0,0.0,1.961732970
0x7aa3551e9dc4cece16991179abf73f7bd091c41c,0.3589746387350959,0.0,0.0,0.0,0.3888411246664103,0.96083248876109,0.0,0.0,0.0,1.708648252
0xf539d59cb90a5f4f7354f9e290b68c462ffbc8c6,0.0,0.0,0.7440885839170955,0.0,0.0,0.0,0.3847191998379254,0.0,0.5729082649452223,1.701716049
0xd585cbcb0a390c2a2fd6b887e835ee8cc362566c,0.3559913910367474,0.0,0.0,0.0,0.3856096724549901,0.9528475199045294,0.0,0.0,0.0,1.694448583
0xcd3cde8040627dbe6874fac9525bb24422e3f4d4,0.0,0.0,0.70335288206361,0.0,0.0,0.0,0.3636574513302292,0.0,0.5415439613197726,1.608554295
0xfcffac7ca0fe69461dd32cb1286bf31d2c818ff1,0.5426184359628666,0.0,0.0,0.0,0.43344003061534,0.6041643850110864,0.0,0.0,0.0,1.580222852
0xcb98b2c2c22fcacd12ebf92676172616bb37d43f,0.0,0.0,0.6661289213131435,0.0,0.0,0.0,0.3444113928578235,0.0,0.5128835098239664,1.523423824
0x983848be568f9bbeaac4190ec3396c0e943b54de,0.0,0.0,0.6640736794564209,0.0,0.0,0.0,0.3433487626553428,0.0,0.511301083925186,1.518723526
0xf6853c77a2452576eae5af424975a101ffc47308,0.0,1.509171194,0.0,0.0,0.0,0.0,0.0,0.0,0.0,1.509171194
0x3bd856465321ead1605286938493169e9c9011cf,0.2964165359485519,0.0,0.0,0.0,0.3210782232808689,0.7933893016758781,0.0,0.0,0.0,1.410884061
0x94da628b4b562152d9a25a6926a64d55148b83c9,0.0,0.0,0.9254803358614409,0.0,0.0,0.0,0.4373739893980954,0.0,0.0,1.362854325
0x8dd77eaba64018dab36dcff7bf464f2f5027f044,0.0,0.0,0.5939521806220381,0.0,0.0,0.0,0.3070935539260485,0.0,0.4573112941328455,1.358357029
0xc92d60af8001b1070ce40337205af18a0bbed142,0.1512109193160525,0.624579432,0.0,0.0,0.1637915818673885,0.40473155553897,0.0,0.0,0.0,1.344313489
0xe4fdaaca52548de38def312bc4cd749864810b0e,0.0,0.0,0.5121960640670925,0.0,0.0,0.0,0.2751095343008791,0.0,0.4253552405156018,1.212660839
0x2cf11d477f776d7fc96454ef399bed1f2d878b56,0.0,0.1290209,0.463041410368603,0.0,0.0,0.0,0.2394082166279832,0.0,0.3565170286789694,1.187987556
0x3e893426e65cf198d4df266b77cfa46559c815ee,0.0,0.191821491,0.4156374370972616,0.0,0.0,0.0,0.2232461937522041,0.0,0.345167748107951,1.175872870
0x2b1d2d290268cb4c4862d4a658f1c2a663c0f79a,0.0,0.0,0.4784324887532383,0.0,0.0,0.0,0.2473659295787833,0.0,0.3683673328007696,1.094165751
0xb4356181f698addb53f1e7e91108dc89c5e5bc77,0.0,1.065625325,0.0,0.0,0.0,0.0,0.0,0.0,0.0,1.065625325
0xec80b5494e873fd9a7c7bf2368d743b38eb0b9ea,0.0,0.0,0.0,0.0,0.103776996103869,0.9549759816162252,0.0,0.0,0.0,1.058752978
0x02dbd1aa375c7d00ecf1de198158ffa332110d47,0.2652297478200529,0.0,0.0,0.0,0.2872967121040654,0.4719338864443848,0.0,0.0,0.0,1.024460346
0x8ce9ec296542ec95c0259572f1c8965c30cd7df0,0.0,0.0,0.4449574211955358,0.0,0.0,0.0,0.2300581768680459,0.0,0.3425933278127505,1.017608926
0xa91a3cc43fc23929fe879b853d4e6ae9568b8251,0.2847811178402957,0.0,0.0,0.0,0.2734727630443644,0.4168922450325102,0.0,0.0,0.0,0.975146126
0xb7d672703e7987715912a0784be91b27d1098c89,0.0,0.0,0.3902080526764246,0.0,0.0,0.0,0.2095876231454257,0.0,0.3240498155713355,0.923845491
0xac470bff425c8854911093f89c80d6ac364dc126,0.0,0.0,0.3988432706571064,0.0,0.0,0.0,0.2062155867788978,0.0,0.3070879074294458,0.912146765
0x5273611f2caadcda536495909ea87bd2bb9cb9f9,0.0,0.0,0.3968995830791225,0.0,0.0,0.0,0.2052106339468029,0.0,0.3055913723367608,0.907701589
0x05c6959d997cde99d2f967367e5e9f1959ba9706,0.0,0.0,0.3954812020441604,0.0,0.0,0.0,0.2044772825305462,0.0,0.3044992950823378,0.904457780
0x301605c95acbed7a1fd9c2c0deee964e2afbd0c3,0.0,0.0,0.366770864244985,0.0,0.0,0.0,0.1969990961202537,0.0,0.304586310047485,0.868356270
0x182a15931cf7e4d02c667177aa454ec51b6c7a8a,0.0,0.0,0.3724283481830133,0.0,0.0,0.0,0.192558170098055,0.0,0.2867498351482811,0.851736353
0x521d155cee171dad885eae47a97a8c489c3c70c9,0.0,0.0,0.3704821011740072,0.0,0.0,0.0,0.1915518939527472,0.0,0.2852513294311065,0.847285325
0x5d411d2cde10e138d68517c42be2808c90c22026,0.0,0.843149418,0.0,0.0,0.0,0.0,0.0,0.0,0.0,0.843149418
0xd2f96f8d1884cfd7f3e10611a86d9e932a235ed3,0.0,0.0,0.3573285256018264,0.0,0.0,0.0,0.1944819295650101,0.0,0.2896417378724308,0.841452193
0x384f41754d31f42c8cdd9b3a190395050382eed6,0.0,0.833840835,0.0,0.0,0.0,0.0,0.0,0.0,0.0,0.833840835
0xdb9123dc5b366d5b6af249ff463d49f66d4d373a,0.0,0.0,0.3562137646056409,0.0,0.0,0.0,0.1841746768495053,0.0,0.2742654762360414,0.814653918
0x4a0d5319665a5eb094f841af9ce0a34bd3879412,0.0,0.0,0.1555897275874913,0.4137456978990706,0.0,0.0,0.0835699852097816,0.0,0.1292101026201274,0.782115513
0x31c6776dedb9c8f31c7423263e206322c6e130d6,0.0,0.196040687,0.0,0.0,0.0,0.0,0.0,0.5695598523671319,0.0,0.765600539
0x19eb49678d1fa850761f620a7213f0d5daf330cc,0.0,0.0,0.3220005181025524,0.0,0.0,0.0,0.1729521540568324,0.0,0.2674065996058078,0.762359272
0xfa63c00c1d03cb29cd3f9cae0e20138a6b978dcd,0.0061662341586451,0.0,0.2894042934133352,0.0,0.0066792613362678,0.0165045590234769,0.1778987623169277,0.0,0.2649196382655983,0.761572749
0x415fce36e2dc12421f20b93dbad1dd68bd2f6db6,0.0,0.0,0.3192838614615014,0.0,0.0,0.0,0.1650806561982111,0.0,0.2458314333113058,0.730195951
0xc785b60bfdaceec0c106b6504dbe4575a520dc64,0.0,0.0,0.2928468386952646,0.0588638196543361,0.0,0.0,0.1514118129118625,0.0,0.2254763449915935,0.728598816
0x5785a2d3a1df2b01261d04876199c70b5973bd5a,0.0,0.0,0.0,0.7071412414472925,0.0,0.0,0.0,0.0,0.0,0.707141241
0x43a167c2efdc7b137bea81d5a366d42a5d398b6c,0.036114898475378,0.0,0.211909244404339,0.0,0.0391196375038131,0.0966652349194469,0.109564313587937,0.0,0.1631587423347293,0.656532071
0x3f59111df7d045b98fb22069738ef145208daeb5,0.0,0.0,0.2847983814106567,0.0,0.0,0.0,0.1472504857347091,0.0,0.2192794649452202,0.651328332
0x13c9d9b81513fe8ef119408f916b74118478cb03,0.6336025540389237,0.0,0.0,0.0,0.0,0.0,0.0,0.0,0.0,0.633602554
0x34f0a12d402c12b23aa28d4f344bcc015b4fbe79,0.1213417307530358,0.05148956,0.0,0.0,0.1314372937911012,0.3247836046603117,0.0,0.0,0.0,0.629052189
0x30043aabbcebbd887437ec4f0cfe6d4c0eb5cc64,0.0,0.0,0.2664439549717925,0.0,0.0,0.0,0.1377606206760741,0.0,0.2051475419021348,0.609352118
0x6630a2af9f49c14c6bedeac703eb56316bd0e950,0.0,0.0,0.2664057880884609,0.0,0.0,0.0,0.1377408870944374,0.0,0.2051181554508701,0.609264831
0x2816affb6b2e646e2d9f2529c5affed6d13e0c0c,0.0,0.0,0.2659476789831407,0.0,0.0,0.0,0.1375040290479,0.0,0.2047654360322989,0.608217144
0x73849dd5790f29bdac8502760602e4360bb6bc1e,0.0,0.0,0.2566492000019816,0.0,0.0,0.0,0.1378508091815198,0.0,0.213135339869929,0.607635349
0xd2d749354338c06b1d163f2e4235a9f6160e5aca,0.0,0.0,0.2645617051408939,0.0,0.0,0.0,0.1367874332566056,0.0,0.2036983105765625,0.605047449
0x040a0c8fd6c4c929648f1ca4aed3745ce3f1eaae,0.0,0.0,0.0749985596253712,0.4004388095338612,0.0,0.0,0.0402830483466383,0.0,0.0622828494902194,0.578003267
0x53a58592fe992efbe84c714c3ec287b85f467ecd,0.0,0.0,0.0,0.5756095050779984,0.0,0.0,0.0,0.0,0.0,0.575609505
0xd0e72c1b2eb87e3dc0445b7f689cadcfc872b293,0.573040934984543,0.0,0.0,0.0,0.0,0.0,0.0,0.0,0.0,0.573040935
0xdf211065d33c6907aef314bd23d2f09a1ccd9615,0.0,0.0,0.0,0.0,0.0,0.0,0.0,0.5708448470889153,0.0,0.570844847
0xaf1cde9960d2628f81300e808370a553b76ef375,0.1194182508448416,0.0,0.0,0.0,0.1293537814476917,0.3196352131366527,0.0,0.0,0.0,0.568407245
0x8f9be4310f9abb0e5843cc6363908c9b01dfeb3f,0.0,0.0,0.2344836572171074,0.0,0.0,0.0,0.121236055665231,0.0,0.1805398283455332,0.536259541
0x81d80ae9d6670cd9ffd28812e2360535b1cec339,0.0,0.0,0.0612028085947059,0.4363602288242157,0.0,0.0,0.0,0.0,0.0,0.497563037
0xc6a82e72156a11a2e1634633af5e4517b451f0d9,0.1152362398171314,0.0,0.0,0.0,0.1248238294791847,0.2539896557161745,0.0,0.0,0.0,0.494049725
0x037ce225946fc6b419e768abc7e5f03356bb887b,0.0,0.0,0.2153714660886057,0.0,0.0,0.0,0.1113544003932211,0.0,0.1658244671702684,0.492550334
0x432fcd67815d5cc72808a7815a02373fdee7d740,0.0,0.0,0.2144349393237556,0.0,0.0,0.0,0.1108701840843199,0.0,0.1651033918366024,0.490408515
0xd7dedcf8ffddceed9ad20a41a5f88dc1268b3ad4,0.0,0.0,0.2131406213469572,0.0,0.0,0.0,0.1102009775044415,0.0,0.1641068364769283,0.487448435
0xb7ec3afc8ea5e99686783839a63fb2c4cd58fae2,0.0,0.0,0.2131302698268093,0.0,0.0,0.0,0.1101956254151412,0.0,0.1640988663621118,0.487424762
0x8da1dbeca9f637fd5ee5d44a017b2e54ed235255,0.0,0.0,0.2130539068184508,0.0,0.0,0.0,0.1101561431329131,0.0,0.1640400709450466,0.487250121
0xf54eeeb761f18da84a0c8162484ed32b7d490716,0.0,0.0,0.2130275886235651,0.0,0.0,0.0,0.1101425357276977,0.0,0.1640198073478161,0.487189932
0x2d4f248ff1e4eedfac4aa636a1e7271e44aee5c1,0.0,0.0,0.2129797684730515,0.0,0.0,0.0,0.1101178110773812,0.0,0.1639829883990344,0.487080568
0x663fe011b7fb8fd76379815bf8d3176178e8a415,0.0,0.0,0.2129396003331161,0.0,0.0,0.0,0.1100970427777608,0.0,0.1639520610876176,0.486988704
0xdd99fa1e4312146cf5029be7bdeb18c912f4f82b,0.0,0.0,0.2129376520143539,0.0,0.0,0.0,0.1100960354304484,0.0,0.1639505609867616,0.486984248
0x1e8ee48d0621289297693fc98914da2efdce1477,0.0,0.0,0.2126460432972067,0.0,0.0,0.0,0.1099452637686441,0.0,0.1637260379288963,0.486317345
0x778549eb292ac98a96a05e122967f22efa003707,0.0,0.0,0.2126300469343917,0.0,0.0,0.0,0.1099369931029796,0.0,0.1637137215882567,0.486280762
0xb20868131fbdd060f7f237f8f99c24880ed573ef,0.0492699154369029,0.199530978,0.0,0.0,0.053369144400315,0.1318759888918571,0.0,0.0,0.0,0.434046027
0xbf701bd8befb759da62c158f1391e5539f828adb,0.0,0.0,0.1881205964594139,0.0,0.0,0.0,0.09726477049534,0.0,0.1448427604555631,0.430228127
0xfd1935fd3c8f49723deb7296c58ba4bb1a0e48e1,0.0,0.0,0.0,0.0,0.0,0.0,0.0,0.0,0.4271720434881391,0.427172043
0xf7b18e107eb36797f4ce36de756630b9c30969ad,0.1029160875234459,0.0,0.0,0.0,0.1010594066702097,0.2225132513529013,0.0,0.0,0.0,0.426488746
0x82e4493e7e99f1a32f828027f03d82adc6c28bcf,0.0,0.410662581,0.0,0.0,0.0,0.0,0.0,0.0,0.0,0.410662581
0x050cea859b5a93ac7bd4db4572fb7d90b7c63cac,0.0,0.0,0.1717168291082375,0.0,0.0,0.0,0.0922321357030238,0.0,0.142602917652142,0.406551882
0x839d195bf635e222893c6516329235e904f8b3cf,0.0,0.0,0.1663326821040706,0.0,0.0,0.0,0.0893402154427197,0.0,0.1381316315478649,0.393804529
0x459e9e7fa2631ce07a8369beeaebce0a660b9ecc,0.0,0.0,0.1654560937025174,0.0,0.0,0.0,0.088869384360946,0.0,0.137403665254225,0.391729143
0xb386b3370f3c258d241fed394050d60f7c421be7,0.0,0.073541598,0.0,0.2673926846385193,0.0,0.0,0.0,0.0,0.0,0.340934283
0xa3e2330e4fa9bb23d7eaaa3628b2c1906eead200,0.0,0.323595876,0.0,0.0,0.0,0.0,0.0,0.0,0.0,0.323595876
0x71947cb13c53922f56b7881169f97357ad8a465a,0.0,0.0,0.3186245350150889,0.0,0.0,0.0,0.0,0.0,0.0,0.318624535
0x730fac4c4ff284434ef81072341100bb02c2fa49,0.0,0.0,0.1304990389650405,0.0,0.0,0.0,0.0700933340863818,0.0,0.1083734413444432,0.308965814
0xffefdcfff613c9bbb9928f6ff44f07c7b562bfdf,0.0,0.0,0.0,0.2828464682368534,0.0,0.0,0.0,0.0,0.0,0.282846468
0x299c437702b2ee9ad9dc27f95d294b4559462ef4,0.0,0.0,0.1183505772908792,0.0,0.0,0.0,0.0635681811847523,0.0,0.0982847034570889,0.280203462
0x5b7ab4b4b4768923cddef657084223528c807963,0.0,0.0,0.0313569274755037,0.2331533404306723,0.0,0.0,0.0,0.0,0.0,0.264510268
0xa2685a7e61e135eb659c5ef41a38ba170b5ecb4f,0.0,0.0,0.0,0.0,0.0235317127922123,0.2143150700734243,0.0,0.0,0.0,0.237846783
0xd3e9af5b0c1fc2edd6a7907076cd9c79e67de6ac,0.1951235210779877,0.0,0.0,0.0,0.0404107139707103,0.0,0.0,0.0,0.0,0.235534235
0x77e3630dec288c9a477bc430c44d8507068a63d1,0.0,0.0,0.0,0.0,0.0,0.0,0.0,0.0,0.2268907324600006,0.226890732
0x0694fcb8d0d764050aef2c1aebc2475b95201331,0.045721858573191,0.0,0.0,0.0,0.0495258912219638,0.1223792502959532,0.0,0.0,0.0,0.217627000
0xdf04232a23877e764a7b115a3fd7202379715f29,0.0885539600552047,0.0,0.0,0.0,0.095921599205063,0.0072263401503739,0.0,0.0,0.0,0.191701899
0xefcb35a72e5bcf7b50bc739e92c38b9ccdeb2bd4,0.0,0.0,0.0,0.1895878767200798,0.0,0.0,0.0,0.0,0.0,0.189587877
0xf08b78ba2bdd1d1ee27642f15844139c4bd3b697,0.0,0.0,0.0774609162632379,0.0,0.0,0.0,0.0416056234998856,0.0,0.0643277232669101,0.183394263
0x00000000b9d747ef42d224e572a5b7e6488929c8,0.0,0.177958032,0.0,0.0,0.0,0.0,0.0,0.0,0.0,0.177958032
0x2f116785e09488737ae32fdc699da93f03828068,0.0,0.0,0.0,0.0,0.0,0.1720580489128445,0.0,0.0,0.0,0.172058049
0xa8ec2ac025b50c2b626ba865b1559bf2bdeaaf17,0.0355084603088186,0.0,0.0,0.0,0.0384627440264451,0.0950420408829316,0.0,0.0,0.0,0.169013245
0x32844a824f458f24878515923f1fa120b6b711f2,0.0,0.146663355,0.0,0.0,0.0,0.0,0.0,0.0,0.0,0.146663355
0xfef3f83e036bebc6c7d92e769c87eda6065b3166,0.0,0.0,0.0,0.142426454992891,0.0,0.0,0.0,0.0,0.0,0.142426455
0x23dc2f56854caedbaa62395c9a3fe8f16b58a3f1,0.0296894022034759,0.0,0.0,0.0,0.0321595435938085,0.0724709162842402,0.0,0.0,0.0,0.134319862
0x2ebdcca663bec249867413cc9ff0969185411667,0.0,0.0,0.0424573686868155,0.0,0.0,0.0,0.0228046011020118,0.0,0.0352588891957483,0.100520859
0xe92d2a4255bc7e468d355644d24ec5d9ac6ef13d,0.0,0.098463676,0.0,0.0,0.0,0.0,0.0,0.0,0.0,0.098463676
0x8d07d225a769b7af3a923481e1fdf49180e6a265,0.0,0.088392394,0.0,0.0,0.0,0.0,0.0,0.0,0.0,0.088392394
0x4602525fdeee4084ae863c5a81d605b498f4714e,0.0,0.083033215,0.0,0.0,0.0,0.0,0.0,0.0,0.0,0.083033215
0xa812202eca0a478b9aff492ec831adc3a8f388a4,0.0778534830485141,0.0,0.0,0.0,0.0,0.0,0.0,0.0,0.0,0.077853483
0xfaa987318c328d32d359ad7ce053be5b395da7b7,0.0,0.073748579,0.0,0.0,0.0,0.0,0.0,0.0,0.0,0.073748579
0x99bcea6bb0403927fb3c038163478d5b42082fd9,0.0,0.068562491,0.0,0.0,0.0,0.0,0.0,0.0,0.0,0.068562491
0x9a00f6b8d484d670604338d793a6e36249e4322f,0.0,0.066813745,0.0,0.0,0.0,0.0,0.0,0.0,0.0,0.066813745
0xa11109126af2c5904fdc5b6203108fef5770e85e,0.0,0.0,0.0,0.0,0.0,0.0606953802775347,0.0,0.0,0.0,0.060695380
0xa95d2bab86d8020cab018874849966922d403d59,0.0265673045843377,0.0,0.0,0.0,0.0287776892270997,0.0051963054674311,0.0,0.0,0.0,0.060541299
0xe6c58978d013b757eb315bd6fd776bee2ee2b63c,0.0,0.038724457,0.0,0.0198071044523659,0.0,0.0,0.0,0.0,0.0,0.058531561
0x20deb7705e0f0527c29854bec7e80f1b16794a11,0.0,0.056068748,0.0,0.0,0.0,0.0,0.0,0.0,0.0,0.056068748
0x683a42e5b414ae5cf79ece7e369ca5937fdcdc11,0.0,0.0,0.0,0.0522081356757016,0.0,0.0,0.0,0.0,0.0,0.052208136
0x33359285f30e7b3386de70ca500f4fe27853765b,0.0,0.0,0.0,0.0,0.0,0.048409255686731,0.0,0.0,0.0,0.048409256
0xdf08dfb2752c2bf55facc363f1568d4cf9606110,0.0,0.0,0.0,0.0,0.0,0.0387464872978891,0.0,0.0,0.0,0.038746487
0xec8cbab21d13fe452c54abc4d962cc2a0830314a,0.0056145879366336,0.0,0.0,0.0,0.0067733446024528,0.0167370402428358,0.0,0.0,0.0,0.029124973
0x0ea1e9ac50ec4d8db153580c2aec1c5ee13c0961,0.0,0.0,0.0120697083292945,0.0,0.0,0.0,0.0064828530919454,0.0,0.0100233368616588,0.028575898
0x4846aee6d7c9f176f3f329e01a014c2794e21b92,0.0,0.027031245,0.0,0.0,0.0,0.0,0.0,0.0,0.0,0.027031245
0x25431341a5800759268a6ac1d3cd91c029d7d9ca,0.0,0.0,0.0,0.0256727498874833,0.0,0.0,0.0,0.0,0.0,0.025672750
0xb6f1d510a8e18a9ba14cec92791c026f8f3b9072,0.0,0.0,0.0102905050692699,0.0,0.0,0.0,0.0055272116596289,0.0,0.0085457905006333,0.024363507
0x013812d42954149d2bc3e0246d65f4097d1b2fe5,0.0,0.022574285,0.0,0.0,0.0,0.0,0.0,0.0,0.0,0.022574285
0x18cf2b4672e816065c12d12b5bad21b426dbf560,0.0,0.022061124,0.0,0.0,0.0,0.0,0.0,0.0,0.0,0.022061124
0x1ee053db7b63fd16162c773b2f37ad28f03b79d1,0.0,0.0,0.0,0.0208236561022042,0.0,0.0,0.0,0.0,0.0,0.020823656
0xaedc687fa5376d2fe9d4b81ebfc8c2ba30ba54ae,0.0070861962521307,0.0,0.0,0.0,0.0076757637531011,0.0059929644364718,0.0,0.0,0.0,0.020754924
0x8d6af3fa29f90dc01c544c75ba9a16c2ed87fa12,0.0051033199459959,0.0,0.0,0.0,0.0,0.0,0.0,0.0,0.0,0.005103320
0x881ccec3c27d83877263cdaa12a45d0437e1f0fe,0.0006480577502867,0.0,0.0,0.0,0.0007019757868083,0.0017345931268656,0.0,0.0,0.0,0.003084627
0xe03727f8b10a30a4b2c5f43958b2b9e6ea2b4ac3,1.7745255547767447e-05,0.002420535,0.0,0.0,1.9221650724408536e-05,4.749699898505946e-05,0.0,0.0,0.0,0.002504999
0x24d02e64d4a2580d570666546ac937adab2b3e08,0.0,0.0,0.0,0.0,0.0,0.0,0.0,0.0018624570581535,0.0,0.001862457
0x35e190c1c872ea78c4f2d703cbcff6401b70ac0d,0.0,0.0,0.0,0.0,0.0,0.0,0.0,0.0006221559975048,0.0,0.000622156
0x442aea0fd2afbd3391dae768f7046f132f0a6300,0.0,0.0001511,0.0,0.0,0.0,0.0,0.0,0.0,0.0,0.000151100
0x4a17f19a7b7fd329f97db116c2a09798f8c57ad0,1.0087480634214035e-05,0.0,0.0,0.0,1.0926753290092343e-05,2.700017794363917e-05,0.0,0.0,0.0,0.000048014
